reporter,label,label_order,mean_ratio,se_ratio
pASHS64,gp48UTR,4,4.992139641715514,0.17313088433279522
pTBHS1,gp48UTR-no-stall,5,9.451392994594963,0.20807131295604256
pTBHS2,gp48UTR-no-AUG,6,9.48712996143829,0.20390923717776233
pTBHS3,gp48UTR-stronger-start,7,3.5544574091199816,0.3150957596988952
